id,sequence
OceanDNA-b10094_20,ASITNPGPYNIATLTEADGIRNGPDYAGATIYYPTNATEPLASIAIVPGFVSAPSSVQEWGPFYASHGFATIIIGTNSLFDFPEARANALLDALETIKQENIRVLSPLQGILNLDQLVVSGWSMGGGGAQRAAVLDNTIAGVVALCPYLDNPQLNHSSPVLIFSGENDTVAVPSIHADIHYNETPSTTDKVLYEIESGNHSVANTPNGANGAVGQIALSWLKLYVEGNDCYCSLLT
OceanDNA-b5007_104,NPGPFNVISFEESSGIRNGSLYSGATIYCPSNGINLSSIVLVPGFMNSELTIQNWGPFLASYGIVTMTIGTNSLTDDEYARRDALEDAIISLKQENSRSVSPLYNRLNLNSISVGGFSKGGGGAQLLAKIDSSLQSVISLYPFIENPTITDFNHSIPTLIISGQLDIIAPPTFHADVHYDFIPQTTNKLKFEVFLGSHDPLSGPNGAMGEVGVRVLSWLANFMLNDMCYCPLLLNIPS
OceanDNA-b9951_224,PGPYNVETITEIDGIRNGPDYFGATIYYPTNKTELLASIAIVPGFTALPSSVEEWGPFYASHGIVSIIIGTNSIYDYPEARAIALLDALETIKQENIRASSPLKGLLDLNKLAVSGWSMGGGGAQRAAVIDNTIAAVVALCPYLNNPQLNHSSPVLIFSGENDAIAPPSQQANIHYNQTPSATNKVLFEIKNGDHYAANSPDGGDGAVGRMALSWIKLYLEGNNCYCSLLTDH
OceanDNA-b7010_154,NPGPFTIETLTEADGIRNGPDYLGATIYYPTNGTSPFPSIAIIPGFTGLPSSVQEWGPFYASHGIVTIIIGTNSLVDFPEARAAALLDALETIRQENTRSSSPLEGALNLNQLAVSGHSMGGGGAQRAAVLDNTIAGVVALCPWLPNPQLNHQSPVVIFSGEDDAVAPPLQHADIHYNITPNATDKLLFEIANGDHYVSNSPNGGLGSIGKIALSWIKLYVEENDCYCSLLT
OceanDNA-b10708_286,TNPGPFDIDTLTEADGIRNGPDYQGATIYYPTNATPPYASIAIVPGFTAAPSSVEEWGPFYASHGIVTIIIGTNSPFDFPEARALALLDALETIRQENTRINSPLEDALDVTKFAVSGWSMGGGGAQRAAVLDPTVKGVVALCPWLPNPSLNHESPVLIFSGQNDPTAPPQQHANVHYNATPATTTKLLFEVENGNHSVANTPNGGNGVVGKIALSWVKLHVEDNACYCPLLS
OceanDNA-b6423_306,ESLTNPGPYDVATLTEADGLRNGPDYAGATVYYPTNATPPFMSIAIVPGFTALPSSVAEWGPFYASHGIVTIIIGTNSLFDNPETRALALIDALETMRQENTRTSSPLENQLDVAKFAVSGWSMGGGGAQRAAVLDNSIKGVVALCPWLPNPILNHDSPVLIFSGENDPTAPPAQHANIHYNVTPNTTNKLLFEVANGNHSVANTPNGGNGAVGKIALSWLKLYVDENDCYCPLL
OceanDNA-b40777_1138,AKLGRSGPYQVAYYTQLPAVPEFGAATLYFPANKGQDFGGVVIAPGYIEQQENISWWGNHLASHGFAVLTIDTNSLQDNPQLRAEALMAGVELLRGENTRMGGTLRGKFHEQQMAVMGHSMGGGGALLAANNSGGELKAAIPLTPWLPDGDFGAVAVPTLLISGETDRIAAVADHARLHYQSLPEELTKMYLEIKGGNHFIANSIVENEGLNPNIDVRDLVGGMAVAWLKLFVDGEEAYRELV
OceanDNA-b7440_29,LTNPGPFEVQTLNESEGIRNGPDYFGATIYYPTNANPPFASIAIVPGFTASPSSIEEWGPFYASHGIVTIIIGTNSIFNFPEARAYALLDALETIRQENSRANSPLENALNLDQLAVSGWSMGGGGAQRAAVLDDRVLGVVALCPYLTNTNLNHESSVLIFSGENDPTAAPVLHADVHYNATPNETNKLLFEIENGNHSVANSPNGGNGIIGKIALSWLKLYVEQNDCYCPLL
OceanDNA-b20044_310,YADVTLYYPIDAVLPYSTIVLGAGWGGDQSSMADWAYYFASYGIVAATIQYNDPANDSHQYRSESILDLIEAIKQEHTRIGSPVNGNLDTNSFAALGYSLSGGVVQLSAVLDSTLDAVIALNPTIIVEDCELCASSDYCICLVPEFLDHSVPTLIISGENEINELPSYEGLLGSDQYENTPITTEKMLYEIVNGGHGSAAYPGSTNGLPGKFALNWIKYYLHGDQTYCDSLLAPPDNA
OceanDNA-b22185_127,VAPTTKELLEIARRPGPSTVATLSEKDGIRNGPDYRGGTIHYPTTKDGSIAEGGPFPIMAISPGFNASEGSVRPWGRYLASHGIVTMTLGTNTPSDRPRSRGKALLDAIETVRAENTREGSPLQGRLAVDRTGVAGWSMGGGGAQHAAVMDASLRGVVAMVPWQPVYRFEHAVPVMILAGEKDNVASTRAHSRPHFDNTPDSTPKLLFEIRGGGHFLPGSPGNHRGEVGAWTLAWIKTFVGDDPAWRGVLELEPST
OceanDNA-b20043_202,FGPYSVGTITEDDGLRDGPDYCCGILYYPTDAVGYLPAIVYIPGWAGTISSNENWGPYLASHGIVTMFVNANIWWASNETRAEALLDGLVTIQDENQRPGSPLYGNLNLNQLAVAGHSRGGGAALLAAAAEPSVNAVLALAPWLEDQFINPTTLDQDVPVLFLSGQLDESAPNDIHTNLFYAYTPETTDKLLYEISGGDHFIVKDPSNNSAMAMKALYWLEKYLTNDPTHCDLLIEEPTTA
OceanDNA-b7003_11,NPGPFEVETLTEADGIRNGPDYFGATIYYPTNAIPPFASIAIVPGYTALPSSVEEWGPFYASHGIATIIIGTNSVFDFPEARAIALLDALETIKQENARVSSPLEGALNLDQLAVSGWSMGGGGAQRAAVLDNTIAGVVALCPWLPNPNLNHQSPVLIFSGEDDTVAPPSQHADIHYNITPDTTDKLLFEIANGNHSVANTPNGGNGSVGKIALSWLKLYVEENDCYCPLL
OceanDNA-b6426_302,SLTNPGPYEVATLTEADGLRNGPDYMDATVYYPTNATPPFMSIAIIPGFTALPSSVAEWGPFYASHGIVTIIVGTNSLFDSPETRAVALIDALETMRQENTRTSSPLENQLDVDKFAVSGWSMGGGGAQRAAVLDNTIRGVVALCPWLPNASLNHASPVLIFSGQNDPTAPPAQHADLHYAATPETTNKLLFEVENGNHSVANTPNGGNGAVGKIALSWLKLFVEDNSCYCPLL
OceanDNA-b7374_41,NPGPFEVLTLNESDGIRNGPDYSGATIYYPVNATPPFASIAIVPGFNSLPFTVEQWGPFYASHGVVTIIIGTNSLFNFPEARALALLDALDTIRAENSRINSPLEGALNLNQLAVSGWSMGGGGAQRAAVLDDRISGVVALCPYLLNSNLNHESSLLIFSGENDPTAPPGIHADIHYDSTPNETNKLLFEIDNGNHSVANSPNGGNGIIGKIALTWLKLYVEQNDCYCPLL
OceanDNA-b22112_1138,ATSSIHGQAPEADERLERLEASVTGKGPHSTKRLTERAGIRNGPDYDGATIYYPVDLEGPLPGMVIVPGYLSPESAVAPWGPFLASHGIVTMTIGTNRRGAMPEARADALLDAVRSLQAEDLREDSPLFGRLDVERIGVGGWSMGGGGAQLAAVQDPELDVVLALCPWKPGASFEHPVPVMILGAERDRPAPVNLHALAHYKKTPKETPRLYFEVEGARHSLAYSPRNADGDVGRIALIWLKCFLEDRPEYQSLLE
OceanDNA-b7262_306,SATVYYPTNATPPYASIAIVPGFNSFPESVEAWGPFYASHGIVTIIIGTNSIFDFPEARALGLLDALETLRQENTRTSSPLQGAIDETKFAVSGHSMGGGGAQRAAVLDPTIKGVVALCPWLPNPDLDHDSAVVIFSGQNDAVAPPGIHANIHYDITPNSTNKLLFEIENGNHSVANTPQGGNSSVGKIALSWFKLYVDQNDCYCSLLTDYVQDNPLASNIE
OceanDNA-b40685_345,TPTRESLSRQGPYQVAYYSSLPDVPEYAGATLYFPANKGDSFGGVAIAPGFIETQENIAWWGEYLASYGFAVLTLDTNSPRDIPALRADALMAAVEIIRGENTRMGSPLRGKIDVTRMAIMGHSMGGGGTLLAANAHSDQLKAAIPFTPWLPDADFSAVAVPTLVIAGEIDRIAAAAGHAWPHFQTLPDNIPKMYLEIKGGNHFIANSVTDNEGLAPNIDVHDLVGSMSVAWLKLFVNGEEAYRDL
OceanDNA-b38376_1463,STCSNCYQRGPNPTVSALEADSGPYSVRTINVSSWVSGFGGGTIHYPVGTEGTMGAIAVIPGYVSYERSIKWWGPRLASWGFVVITTDTNTIYDQPDSRADQLSAALDYVISQSNSSRSPIYGMVDANRLGAMGWSMGGGGTLKLSTERELKAAIPQAPYYAGFNPFDEITTPTLIIACELDVVAPVAQHASPFYREIPGSTAKAFLEINGGDHFCANSGYPDEDILGKYGIAWMKRFIDEDRRYDQFLCGPNHEADRSISEYRDTCNY
OceanDNA-b40618_49,AVAEFSAATIYFPANKGEDFGGIVIAPGFTETQENISWWGNYLASHGFAALTLDTNDLRADPSQRADALMTAVEVLRNEGDRMGGILRGKIFKDRMAIMGHSMGGGGTLIAANTHSVELKAAIPFTPWQPDAEFGAISVPTLIIAGENDRIAPVAEHALPHFESLSEAIPKMYLEIKGGNHFIANTDTGDDQLAPNIDVHGLVGGMAVAWLKFFVDGDESYRDLV
OceanDNA-b6345_278,YFGSTLYYPIDAEGPFSSLVLVPGFISPEFAVSTWGPYLASHGIIVMTIGTNTLTDLPEDRANALLDAVQTLQEENDRENSPVYQQIDVNKISVGGHSMGGGGAQIAATMDNSLKSVISLNPWIQQSVVDYDYLNHPVPHLIISGQDDTVAIVNNHANIHYDYTPNTTPKAIYEIENGIHSTGRFPSTANNYVGKIVLSWLNYFADDNNCYFPLILEYPEQA
OceanDNA-b17273_142,DGPYEVMTYTDFPDVPEFGDATIYYPANTRAPVGGVAIAPGFTERQSHVEWWGHRLASHGYAVLVLDTNDTRDRPNLRADALIAAVTTLRAEGNRGGSPLAGRIDPDKMAIMGHSMGGGGVLIAANEHSDLIQAAIPFTPWEPGGPFDRITVPTLVMAGSADRLANVTEHAWRHFQSIPESTTKVYMEIEGGNHYIADSDRGSDLTTIGRYGIAWLKLYLDGDERYRGFIYGEQHE
OceanDNA-b41055_555,LTGLAAALLVSTSVLASNPTPPPTNPGDGSFPPVSDFSRAGSFATTSGNAGPSCTIYRPRTLGEQGRRHPIILWGNGTGATPSTYSGLLEHWASHGFVVAAARTSNAGSGSEMIACLDYLIQENGRSSGTYAGRLDVNRVGASGHSQGGGGSIMAGRDSRIRVTAPFQPYVLGLGHVSSSQRQQNGPMFLMTGSSDTLAGPTLNGRPVFNNANVPVFWGNLRGASHFVPVGNAGDYRGPSTAWYRYHLMNDG
OceanDNA-b20259_119,RLSSLYNGTLLYYPTDAVYPYTSIVLIDAFGDEFGLQTWAQFYASYGFIAMTIGNFDPDDRDLELSGWDYADRAFGLLDAIETIKEENVRNLSPLNGRIDTTSFAVSGYSTSGGGAHVAATMDSTLKAAVLLNPAVLFLDSLNCGEEDYYWCLIEEHLDHNVPVLIYGGENELNELDPSYVGVWAAVQYDYVPQTTDKVYFESAGQGHGSSNLPVGEVGNYALAWLNYYLKNDDSYCGILIQQPANT
OceanDNA-b4882_38,NPGPFSVNSFDEASGIRIGTNYTGATIYFPTNSSNINLSSIVLVPGFMNTEFTVQNWGPFLASHGIITMTIGTNSLSDNHIQRRDALIDAIASLKEENQRQLSPLFGKMDTNSIAVGGFSKGGGGAQLVPSIDSSIKAIISLYPWLDNPTSSDLNHDVPLMIISGQLDLIAPPSIHADIHYNLTPNSTKKIKYEIAFASHDALSGPYAGAGDVGIRVVSWLQTFLLNDSCYCP
OceanDNA-b41044_685,AAFKLTGLALGLVLSATALASNPSPSPTPTPTPDPGTGSAFPSVSDFSRSGSFSTTSGNAGPNCTIYRPRTLGEQGRRHPIILWGNGTGASPSTYSALLTHWASQGFVVAAARTSNAGSGDEMIDCLDYLVQENGRSSGTYAGKLNVNRVGSAGHSQGGGGSIMAGRDGRITATAPFQPYTIGLGHRSSSQSQQNGPMFLMTGSSDTIAVPRSNALPVFNNANVPVFWGELRGASHFEPVGNAGGFRGPSTAWFRFHL
OceanDNA-b4858_199,GPYNVLSIDESDGIRNGQDYNGATIFYPEGNLANLASIVFVPGYSNTQFSIQNWGFFLASHGIVTMTIGTNSLLDSHIQRKDALIDALTTIKQENIRTTSPLFNSLDTLKLALGGFSKGGGGAQLAASIGQNIKAIIALYPWLENISAIDLNHNVPVLIVSGSLDLIAPPTIHADIHYMYTPETTKKLKYEVAFATHDPLIGPNAGSGEVGKKALSWLQTFLIEDTCFCPFLLDTPNTA
OceanDNA-b12544_188,RNGPDYFGATIYYPSNATPPFASIVIVPGYFTAESAIQNWGPFLASHGILTMTIGTNSILEQPEERKDALLDAIETIKEENTRINSPLHGAIDMNRFALGGWSMGGGGAQLAASVDTSLKAIVALCPWLNTLTLSPSDLNHSTPLLILSGQLDAIAAAALHADVHYNYTPNTTDKLIYEIEYGTHIVVTGPQGGDGEAGRMILSWLKKYLLNDNCYCPLLLDIPIT
OceanDNA-b41127_1967,RMNAQMFKLATLALGLSLSSIALATNPGGGGGGTGNPATGTGFPGVSSFSADGPFATTSGSAGSSCTVFRPSTLGENNRKHPIIVWGNGTTASPSTYAALLEHWASHGFVVIAANTSNAGTGQEMLGCVDYLTTQNNRSSGTYANKLDLNRIGAAGHSQGGGGTIMAGQDYRIKVTAPFQPYTIGLGHNSSSQSNQNGPMFLMTGSADTIASPTLNALPVYNRANVPVFWGELSRASHFEPVGNAGDYRGPSTAWFRYHLMDDAS
OceanDNA-b34615_91,VVNGYIRYPQPLTAISQPVPVLIGAHAMGRAQVRWWQGSFNDRPTLENTDKVTAMALAKGYAVVTIDARNHGERKDPELSIISIINNLHWWGEREPYENMLIDTVRDHRVLLDWLEQQPQFDRANIHIAGYSMGAHISLLLAAVDPRIHRVLAIVPPHINNRTAIVAPKNMLAGLADNPVWLLSANDDEYASKKQNKSLFSALPNSNKQHVE
OceanDNA-b19686_2,DSIRNSDLYNGTLLYYPLDANPPYASIVLIDAFGDEFGLQSWAQYFSSYGFIAMTIGNFDRTVRDGDSEWDYADRALGLLDAIETIKQENVRDLSPLFEKVDTSRFAVSGYSTSGGGAHTAVTMDSTLKTAILLNPAVAFLDSINCSAESNYYCLIEEHLDHDVPVLIFAGENEYDELVSPDDPTYSNMWALPQYEYVPETTDKTYFESAGEGHGSSVFPFGDVAGYSLAWLRYFLLDEELYCDFLVEAPQST
OceanDNA-b40618_310,LLLALLTAISFSFVVPANAQDAYEPGRYRPQGREIAREISNEFDKAMYEVRTYTPEVNVDEFGAATIFYPLTLSFTKAASAVVFVPGYYGAAEQYDWWGPALASLGIVTMMIDTNSRDDDFQKRVQAHIAAVKFLKDEVANSDSPISGKVDTNKVGIMGHSLGGGSALVAAADLGDEIAAVMPLLPYCCELNQPLDVDNSKLTVPTLIITATGDTIASPTQHSRVMYDSIPDGISKAYVEFAGGDHNLPLNFD
OceanDNA-b20098_139,LYSTGLLYYPVDASPPYKSVVLIDAFGSEPGLISWAQFYASHGFIAMSIGNLDENLRDSNSDWDYMDRAIALLSAVEIIKLENQRQISPLFNMIDTSSFAVSGYSTSGGGAHTALTIDSTLKAGILLNPAVAFLDSVNCPAASDYYCLIEEHLDHDVPVLIFAGENEYNELVTPDDDIYDSMWALPQYEHVPDNTDKLYFESANEGHSSSVVPSGIVGKQAIFWLNYYMNNDESYCDSVITQPD
OceanDNA-b38936_521,CDFTRGPNPTSSYLEASRGPYTVRNVSVSRSVSGFGGGTIHYPTNTTGTMGAIAIVPGFLAGESSISWWGPRLASHGFVVITIATNSTFDQPASRETQLGRALDYLVSQSNSSSSPISGKVDSARLGAMGWSMGGGGTLRLASGSRLVAAIPLAPWHSGSNNFNRIQTPTMIIACENDTTAAVRSHASPFYNSIPSSTDKAFLEINNGSHSCANGGGSNGGLLGKYGVSWMKRFMDQDTRYNQFLCGPNHAANSAISEYRETCNY
OceanDNA-b18639_90,STNYNGALLYYPINGITPFASMVIIDAFDDEYGLQNWAEYYASHGFIAMTIGNFYNDYWDYEDRGIGLLDAVITIKHENERIDSPLFGMIDTTSFAVSGYSTGGGGAHAAATMDSTLNAVILHNPAVAFLDSVNCNSDTEYYCLVPEHLNHSVPVLVFAGEYELDELVTESDSIYANIWAFPQYDYVPETTDKVYFESISEGHGSSVSPVGEVATYAISWLNYYLLNDSTYCDLLIQEPEST
